{
  "PostRequest" : {
    "transaction" : "PostRequest",
    "sampleCount" : 10,
    "errorCount" : 0,
    "errorPct" : 0.0,
    "meanResTime" : 279.7,
    "medianResTime" : 277.0,
    "minResTime" : 273.0,
    "maxResTime" : 291.0,
    "pct1ResTime" : 290.9,
    "pct2ResTime" : 291.0,
    "pct3ResTime" : 291.0,
    "throughput" : 34.364261168384886,
    "receivedKBytesPerSec" : 50.65037048969072,
    "sentKBytesPerSec" : 8.289035652920962
  },
  "delete request" : {
    "transaction" : "delete request",
    "sampleCount" : 10,
    "errorCount" : 0,
    "errorPct" : 0.0,
    "meanResTime" : 303.3999999999999,
    "medianResTime" : 303.0,
    "minResTime" : 300.0,
    "maxResTime" : 307.0,
    "pct1ResTime" : 306.9,
    "pct2ResTime" : 307.0,
    "pct3ResTime" : 307.0,
    "throughput" : 32.467532467532465,
    "receivedKBytesPerSec" : 42.27437601461039,
    "sentKBytesPerSec" : 6.119368912337662
  },
  "Total" : {
    "transaction" : "Total",
    "sampleCount" : 50,
    "errorCount" : 0,
    "errorPct" : 0.0,
    "meanResTime" : 869.7200000000004,
    "medianResTime" : 303.0,
    "minResTime" : 273.0,
    "maxResTime" : 3287.0,
    "pct1ResTime" : 3281.7,
    "pct2ResTime" : 3287.0,
    "pct3ResTime" : 3287.0,
    "throughput" : 10.94331363536879,
    "receivedKBytesPerSec" : 15.394378214598381,
    "sentKBytesPerSec" : 2.3746135642372512
  },
  "GetRequest" : {
    "transaction" : "GetRequest",
    "sampleCount" : 10,
    "errorCount" : 0,
    "errorPct" : 0.0,
    "meanResTime" : 3159.8999999999996,
    "medianResTime" : 3260.5,
    "minResTime" : 2832.0,
    "maxResTime" : 3287.0,
    "pct1ResTime" : 3287.0,
    "pct2ResTime" : 3287.0,
    "pct3ResTime" : 3287.0,
    "throughput" : 3.04228780042592,
    "receivedKBytesPerSec" : 4.772291888500153,
    "sentKBytesPerSec" : 0.5050673106175845
  },
  "put request" : {
    "transaction" : "put request",
    "sampleCount" : 10,
    "errorCount" : 0,
    "errorPct" : 0.0,
    "meanResTime" : 305.2,
    "medianResTime" : 307.0,
    "minResTime" : 294.0,
    "maxResTime" : 308.0,
    "pct1ResTime" : 307.9,
    "pct2ResTime" : 308.0,
    "pct3ResTime" : 308.0,
    "throughput" : 31.446540880503143,
    "receivedKBytesPerSec" : 42.97182095125786,
    "sentKBytesPerSec" : 8.567954009433961
  },
  "patch request" : {
    "transaction" : "patch request",
    "sampleCount" : 10,
    "errorCount" : 0,
    "errorPct" : 0.0,
    "meanResTime" : 300.40000000000003,
    "medianResTime" : 301.5,
    "minResTime" : 297.0,
    "maxResTime" : 305.0,
    "pct1ResTime" : 304.8,
    "pct2ResTime" : 305.0,
    "pct3ResTime" : 305.0,
    "throughput" : 32.786885245901644,
    "receivedKBytesPerSec" : 43.36257684426229,
    "sentKBytesPerSec" : 7.108094262295082
  }
}